<?xml version="1.0" encoding="UTF-8"?>
<project-private xmlns="http://www.netbeans.org/ns/project-private/1">
    <editor-bookmarks xmlns="http://www.netbeans.org/ns/editor-bookmarks/2" lastBookmarkId="0"/>
    <open-files xmlns="http://www.netbeans.org/ns/projectui-open-files/2">
        <group>
            <file>file:/C:/Users/joaqu/OneDrive/Documentos/Desarrollo%20de%20objetos%20Ramo/Vehiculo/src/vehiculo/Vehiculo.java</file>
            <file>file:/C:/Users/joaqu/OneDrive/Documentos/Desarrollo%20de%20objetos%20Ramo/Vehiculo/src/vehiculo/automovil.java</file>
            <file>file:/C:/Users/joaqu/OneDrive/Documentos/Desarrollo%20de%20objetos%20Ramo/Vehiculo/src/vehiculo/Motocicleta.java</file>
            <file>file:/C:/Users/joaqu/OneDrive/Documentos/Desarrollo%20de%20objetos%20Ramo/Vehiculo/src/vehiculo/Concesionario.java</file>
        </group>
    </open-files>
</project-private>
